model_type,accuracy,f1_score,inference_time_sec,samples_per_sec,cpu_memory_mb,gpu_memory_mb,device
cnn,0.9337828076089574,0.9336454754030803,6.079283714294434,683.1396913150977,108.54296875,8.447265625,cuda
hybrid,0.9629183722610162,0.9629239083270255,6.858364105224609,605.5379878178676,24.6640625,46.267578125,cuda
