device,accuracy,f1_score,inference_time_ms,cpu_memory_mb,gpu_memory_mb,total_samples
mps,0.9518420418974235,0.9519195619930024,0.0469224756664751,31.84375,0,4153
