model,batch_size,inference_time,samples_per_sec,memory_mb,device
cnn,16,0.3325362205505371,9989.889205152434,9.3251953125,cuda
cnn,32,0.1145181655883789,29008.498197050325,9.341796875,cuda
cnn,64,0.06951308250427246,47789.5653641287,9.37451171875,cuda
hybrid,16,0.28554201126098633,11634.014852419321,25.291015625,cuda
hybrid,32,0.15251493453979492,21781.47346700141,26.68603515625,cuda
hybrid,64,0.09151983261108398,36298.14331191939,26.84423828125,cuda
