model_type,accuracy,f1_score,inference_time_sec,cpu_memory_mb,samples_per_sec,gpu_memory_mb
cnn,0.9337828076089574,0.9336454754030804,6.079283714294434,108.54296875,683.1396913150977,8.447265625
hybrid,0.9629183722610162,0.9629239083270256,6.858364105224609,24.6640625,605.5379878178676,46.267578125
