Metric,Value
accuracy,0.9518420418974236
f1_score,0.9519195619930024
inference_time_ms,0.0469224756664751
cpu_memory_mb,31.84375
