model,val_acc,val_f1,training_time,memory_mb
cnn,0.9419024683925348,0.94239104306293,19.51571226119995,18.1953125
hybrid,0.938591210114389,0.938473772397751,25.353617906570435,36.55615234375
