,accuracy,f1,best_epoch
CNN,0.9564170479171683,0.9564397081475869,9.0
Hybrid,0.9537683602215266,0.9535791537198056,12.0
