model,device,train_loss,val_acc,val_f1,training_time,memory_mb,epochs
cnn,cuda,0.0002947266930792916,0.9554485249849488,0.9555137044193194,1373.304148197174,18.1953125,1000
hybrid,cuda,1.4437818516088398e-05,0.9533413606261288,0.9534221163206081,2161.0375125408173,36.55615234375,1000
