model,device,train_loss,val_acc,val_f1,training_time,memory_mb,epochs
cnn,cuda,0.10944783729456294,0.9419024683925347,0.9423910430629299,19.51571226119995,18.1953125,10
hybrid,cuda,0.12255829981810305,0.938591210114389,0.938473772397751,25.353617906570435,36.55615234375,10
