,accuracy,f1,best_epoch
cnn,0.9535275704310138,0.953651489091284,13.0
hybrid,0.95906573561281,0.9591316276940522,29.0
