model,device,train_loss,val_acc,val_f1,training_time,memory_mb,epochs
cnn,cpu,0.11091140551098551,0.9446116797110174,0.944959513597289,13.350127458572388,6.82421875,10
hybrid,cpu,0.12306638785230462,0.9470198675496688,0.9471626494614671,20.197046756744385,9.15625,10
